Fox Chromosome,Fox Low,Fox High,Scaffold,Scaff Low,Scaff High,Scaff Dir,,,,
10p,0,1083332,scaffold269,0,1083332,-,,,,
10p,1083332,1083432,GAPS,,,,,,,
10p,1083432,1344933,scaffold332,0,261501,+,,,,
10p,1344933,1345033,GAPS,,,,,,,
10p,1345033,7113990,scaffold133,0,5768957,+,,,,
10p,7113990,7114090,GAPS,,,,,,,
10p,7114090,11615071,scaffold159,0,4500981,-,,,,
10p,11615071,11615171,GAPS,,,,,,,
10p,11615171,17396287,scaffold119,0,5781116,+,,,,
10p,17396287,17471126,INTERGAP,,,,,,,
10p,17471126,17580376,scaffold384,0,109250,-,,,,
10p,17580376,17605560,INTERGAP,,,,,,,
10p,17605560,19540819,scaffold231,0,1935259,+,,,,
10p,19540819,19578011,INTERGAP,,,,,,,
10p,19578011,22012525,scaffold44,11421988,13856502,-,,,,
10p,22012525,22012625,GAPS,,,,,,,
10p,22012625,23365995,scaffold167,0,1353370,-,,,,
10p,23365995,23366095,GAPS,,,,,,,
10p,23366095,25739543,scaffold216,0,2373448,-,,,,
10p,25739543,25824175,INTERGAP,,,,,,,
10p,25824175,26199947,scaffold309,0,375772,-,,,,
10p,26199947,26991591,INTERGAP,,,,,,,
10p,26991591,27049632,scaffold319,310712,368753,+,,,,
10p,27049632,27049732,GAPS,,,,,,,
10p,27049732,27179013,scaffold309,375772,505053,-,,,,
10p,27179013,27489725,scaffold319,0,310712,-,,,,
10p,27489725,27518477,INTERGAP,,,,,,,
10p,27518477,29012356,scaffold175,2215015,3708894,-,,,,
10p,29012356,29012456,GAPS,,,,,,,
10p,29012456,29072402,scaffold175,2155069,2215015,+,,,,
10p,29072402,29072502,GAPS,,,,,,,
10p,29072502,31227571,scaffold175,0,2155069,-,,,,
10p,31227571,31314890,INTERGAP,,,,,,,
10p,31314890,39053792,scaffold106,0,7738902,-,,,,
10q,0,60082,scaffold458,0,60082,-,,,,
10q,60082,126274,INTERGAP,,,,,,,
10q,126274,3146630,scaffold184,0,3020356,+,,,,
10q,3146630,3146730,GAPS,,,,,,,
10q,3146730,3326373,scaffold184,3020356,3199999,-,,,,
10q,3326373,3326473,GAPS,,,,,,,
10q,3326473,34533006,scaffold10,0,31206533,+,,,,
10q,34533006,34533106,GAPS,,,,,,,
10q,34533106,42781728,scaffold96,0,8248622,-,,,,
10q,42781728,42781828,GAPS,,,,,,,
10q,42781828,47422158,scaffold148,0,4640330,+,,,,
10q,47422158,47422258,GAPS,,,,,,,
10q,47422258,53838068,scaffold126,0,6415810,-,,,,
10q,53838068,53838168,GAPS,,,,,,,
10q,53838168,54005792,scaffold356,0,167624,+,,,,
10q,54005792,54005892,GAPS,,,,,,,
10q,54005892,54157462,scaffold358,0,151570,-,,,,
10q,54157462,54157562,GAPS,,,,,,,
10q,54157562,64452045,scaffold70,0,10294483,+,,,,
11p,0,4579508,scaffold156,0,4579508,+,,,,
11p,4579508,4579608,GAPS,,,,,,,
11p,4579608,9452625,scaffold149,0,4873017,+,,,,
11p,9452625,9452725,GAPS,,,,,,,
11p,9452725,10569921,scaffold267,0,1117196,+,,,,
11p,10569921,10570021,GAPS,,,,,,,
11p,10570021,20860575,scaffold71,0,10290554,+,,,,
11p,20860575,20860675,GAPS,,,,,,,
11p,20860675,22495782,scaffold244,0,1635107,+,,,,
11p,22495782,22495882,GAPS,,,,,,,
11p,22495882,23404910,scaffold278,0,909028,-,,,,
11p,23404910,23405010,GAPS,,,,,,,
11p,23405010,23672649,scaffold330,0,267639,+,,,,
11p,23672649,23672749,GAPS,,,,,,,
11p,23672749,24289419,scaffold299,0,616670,-,,,,
11p,24289419,24289519,GAPS,,,,,,,
11p,24289519,33662273,scaffold82,0,9372754,-,,,,
11p,33662273,33662373,GAPS,,,,,,,
11p,33662373,41120046,scaffold110,0,7457673,+,,,,
11p,41120046,41120146,GAPS,,,,,,,
11p,41120146,48432543,scaffold13,15808124,23120521,+,,,,
11p,48432543,48432643,GAPS,,,,,,,
11p,48432643,48553301,scaffold13,23120521,23241179,-,,,,
11p,48553301,48553401,GAPS,,,,,,,
11p,48553401,51665355,scaffold13,23241179,26353133,+,,,,
11q,0,6570627,scaffold123,0,6570627,-,,,,
11q,6570627,6570727,GAPS,,,,,,,
11q,6570727,15165907,scaffold35,8715155,17310335,-,,,,
11q,15165907,15166007,GAPS,,,,,,,
11q,15166007,15518540,scaffold101,7759568,8112101,+,,,,
11q,15518540,15518640,GAPS,,,,,,,
11q,15518640,27260984,scaffold59,0,11742344,+,,,,
11q,27260984,27261084,GAPS,,,,,,,
11q,27261084,34466066,scaffold113,0,7204982,+,,,,
11q,34466066,34466166,GAPS,,,,,,,
11q,34466166,39130301,scaffold155,0,4664135,-,,,,
11q,39130301,39130401,GAPS,,,,,,,
11q,39130401,41710218,scaffold208,0,2579817,-,,,,
11q,41710218,41710318,GAPS,,,,,,,
11q,41710318,48611848,scaffold117,0,6901530,-,,,,
11q,48611848,48611948,GAPS,,,,,,,
11q,48611948,49935940,scaffold257,0,1323992,+,,,,
11q,49935940,49936040,GAPS,,,,,,,
11q,49936040,53131041,scaffold57,8661748,11856749,+,,,,
12p,0,14151515,scaffold43,0,14151515,-,,,,
12p,14151515,14151615,GAPS,0,0,,,,,
12p,14151615,15148076,scaffold275,0,996461,-,,,,
12p,15148076,15148176,GAPS,0,0,,,,,
12p,15148176,23392287,scaffold97,0,8244111,+,,,,
12p,23392287,23392387,GAPS,0,0,,,,,
12p,23392387,23468728,scaffold433,0,76341,+,,,,
12p,23468728,23468828,GAPS,0,0,,,,,
12p,23468828,33089436,scaffold75,0,9620608,+,,,,
12p,33089436,33089536,GAPS,0,0,,,,,
12p,33089536,34131996,scaffold271,0,1042460,-,,,,
12p,34131996,34132096,GAPS,0,0,,,,,
12p,34132096,42192832,scaffold37,8395090,16455826,-,,,,
12p,42192832,42192932,GAPS,0,0,,,,,
12p,42192932,42323009,scaffold37,8265013,8395090,+,,,,
12p,42323009,42323109,GAPS,0,0,,,,,
12p,42323109,42401471,scaffold37,8186651,8265013,+,,,,
12p,42401471,42401571,GAPS,0,0,,,,,
12p,42401571,42835030,scaffold37,7753192,8186651,-,,,,
12p,42835030,42835130,GAPS,0,0,,,,,
12p,42835130,42918806,scaffold37,7669516,7753192,+,,,,
12p,42918806,42918906,GAPS,0,0,,,,,
12p,42918906,50588422,scaffold37,0,7669516,-,,,,
12p,50588422,50588522,GAPS,0,0,,,,,
12p,50588522,61608172,scaffold18,9683527,20703177,+,,,,
12p,61608172,64212951,INTERGAP,0,0,,,,,
12p,64212951,64764048,scaffold307,0,551097,-,,,,
12p,64764048,64764148,GAPS,0,0,,,,,
12p,64764148,65401796,scaffold296,0,637648,+,,,,
12p,65401796,67669437,scaffold224,0,2267641,-,,,,
12p,67669437,67669537,GAPS,0,0,,,,,
12p,67669537,67715757,scaffold112,0,46220,-,,,,
12p,67715757,67847610,INTERGAP,0,0,,,,,
12p,67847610,75203464,scaffold112,46220,7402074,+,,,,
12p,75203464,75203564,GAPS,0,0,,,,,
12p,75203564,75983572,scaffold283,0,780008,-,,,,
12p,75983572,75983672,GAPS,0,0,,,,,
12p,75983672,76559640,scaffold304,0,575968,+,,,,
12qp,0,616258,scaffold300,0,616258,-,,,,
12qp,616258,616358,GAPS,0,0,,,,,
12qp,616358,1245444,scaffold229,0,629086,+,,,,
12qp,1245444,1245544,GAPS,0,0,,,,,
12qp,1245544,1345840,scaffold229,629086,729382,-,,,,
12qp,1345840,1345940,GAPS,0,0,,,,,
12qp,1345940,1747874,scaffold229,729382,1131316,+,,,,
12qp,1747874,1747974,GAPS,0,0,,,,,
12qp,1747974,2208534,scaffold229,1131316,1591876,-,,,,
12qp,2208534,2208634,GAPS,0,0,,,,,
12qp,2208634,2642094,scaffold229,1591876,2025336,+,,,,
12qp,2642094,2642194,GAPS,0,0,,,,,
12qp,2642194,20538844,scaffold31,0,17896650,+,,,,
12qp,20538844,20538944,GAPS,0,0,,,,,
12qp,20538944,22043568,scaffold251,0,1504624,+,,,,
12qp,22043568,22043668,GAPS,0,0,,,,,
12qp,22043668,25269357,scaffold174,0,3225689,+,,,,
12qp,25269357,25269457,GAPS,0,0,,,,,
12qp,25269457,26084596,scaffold282,0,815139,+,,,,
12qp,26084596,26084696,GAPS,0,0,,,,,
12qp,26084696,27102655,scaffold239,622440,1640399,+,,,,
12qt,0,689716,scaffold290,0,689716,+,,,,
12qt,689716,689816,GAPS,,,,,,,
12qt,689816,19187943,scaffold30,0,18498127,+,,,,
12qt,19187943,19188043,GAPS,,,,,,,
12qt,19188043,30473413,scaffold62,0,11285370,-,,,,
12qt,30473413,30473513,GAPS,,,,,,,
12qt,30473513,30783712,scaffold322,0,310199,-,,,,
12qt,30783712,30783812,GAPS,,,,,,,
12qt,30783812,43453873,scaffold53,0,12670061,+,,,,
12qt,43453873,43522891,INTERGAP,,,,,,,
12qt,43522891,46923581,scaffold180,0,3400690,-,,,,
12qt,46923581,46923681,GAPS,,,,,,,
12qt,46923681,58002908,scaffold63,0,11079227,+,,,,
12qt,58002908,58003008,GAPS,,,,,,,
12qt,58003008,70772662,scaffold52,0,12769654,-,,,,
12qt,70772662,70772762,GAPS,,,,,,,
12qt,70772762,71159379,scaffold316,0,386617,+,,,,
12qt,71159379,71159479,GAPS,,,,,,,
12qt,71159479,71921971,scaffold285,0,762492,+,,,,
12qt,71921971,71922071,GAPS,,,,,,,
12qt,71922071,72024822,scaffold390,0,102751,-,,,,
12qt,72024822,72024922,GAPS,,,,,,,
12qt,72024922,74164245,scaffold226,0,2139323,-,,,,
12qt,74164245,74164345,GAPS,,,,,,,
12qt,74164345,75505293,scaffold93,2634588,3975536,-,,,,
12qt,75505293,75505393,GAPS,,,,,,,
12qt,75505393,77411685,scaffold13,0,1906292,-,,,,
12qt,77411685,77411785,GAPS,,,,,,,
12qt,77411785,86476312,scaffold87,0,9064527,-,,,,
12qt,86476312,86476412,GAPS,,,,,,,
12qt,86476412,87098852,scaffold239,0,622440,-,,,,
12qt,87098852,87098952,GAPS,,,,,,,
12qt,87098952,90195326,scaffold186,0,3096374,-,,,,
12qt,90195326,90195426,GAPS,,,,,,,
12qt,90195426,90315911,scaffold375,0,120485,+,,,,
13p,0,1450601,scaffold252,0,1450601,+,,,,
13p,1450601,1450701,GAPS,0,0,,,,,
13p,1450701,4119726,scaffold203,0,2669025,+,,,,
13p,4119726,4119826,GAPS,0,0,,,,,
13p,4119826,4266568,scaffold359,0,146742,+,,,,
13p,4266568,4266668,GAPS,0,0,,,,,
13p,4266668,29167354,scaffold14,0,24900686,-,,,,
13p,29167354,29167454,GAPS,0,0,,,,,
13p,29167454,38850981,scaffold18,0,9683527,-,,,,
13qp,0,41476437,scaffold4,0,41476437,-,,,,
13qt,0,11915483,scaffold56,0,11915483,-,,,,
13qt,11915483,11915583,GAPS,0,0,,,,,
13qt,11915583,19431055,scaffold60,0,7515472,-,,,,
13qt,19431055,19431155,GAPS,0,0,,,,,
13qt,19431155,20686351,scaffold262,0,1255196,+,,,,
13qt,20686351,20686451,GAPS,0,0,,,,,
13qt,20686451,40373837,scaffold24,0,19687386,+,,,,
13qt,40373837,40446191,INTERGAP,0,0,,,,,
13qt,40446191,40543618,scaffold397,0,97427,-,,,,
13qt,40543618,40547366,INTERGAP,0,0,,,,,
13qt,40547366,54203864,scaffold46,0,13656498,-,,,,
13qt,54203864,54203964,GAPS,0,0,,,,,
13qt,54203964,71151812,scaffold36,0,16947848,-,,,,
13qt,71151812,71151912,GAPS,0,0,,,,,
13qt,71151912,75113451,scaffold170,0,3961539,-,,,,
13qt,75113451,75113551,GAPS,0,0,,,,,
13qt,75113551,76690593,scaffold248,0,1577042,+,,,,
13qt,76690593,76690693,GAPS,0,0,,,,,
13qt,76690693,81646671,scaffold145,0,4955978,+,,,,
14p,0,7550617,scaffold109,0,7550617,+,,,,
14p,7550617,7550717,GAPS,0,0,,,,,
14p,7550717,15290712,scaffold105,0,7739995,-,,,,
14p,15290712,15290812,GAPS,0,0,,,,,
14p,15290812,16993698,scaffold29,16978492,18681378,+,,,,
14p,16993698,16993798,GAPS,0,0,,,,,
14p,16993798,26551024,scaffold80,0,9557226,+,,,,
14p,26551024,26551124,GAPS,0,0,,,,,
14p,26551124,28892715,scaffold218,0,2341591,-,,,,
14p,28892715,28892815,GAPS,0,0,,,,,
14p,28892815,37375766,scaffold92,0,8482951,-,,,,
14p,37375766,37375866,GAPS,0,0,,,,,
14p,37375866,38247553,scaffold119,5781116,6652803,+,,,,
14p,38247553,38247653,GAPS,0,0,,,,,
14p,38247653,48237110,scaffold41,0,9989457,-,,,,
14q,0,25921921,scaffold12,0,25921921,+,,,,
14q,25921921,25922021,GAPS,,,,,,,
14q,25922021,31371335,scaffold28,13127023,18576337,+,,,,
14q,31371335,31371435,GAPS,,,,,,,
14q,31371435,31479544,scaffold28,18576337,18684446,-,,,,
14q,31479544,31613771,scaffold368,0,134227,+,,,,
14q,31613771,63053716,INTERGAP,,,,,,,
14q,63053716,67077951,scaffold169,0,4024235,+,,,,
14q,67077951,67078051,GAPS,,,,,,,
14q,67078051,69367303,scaffold221,0,2289252,+,,,,
14q,69367303,69367403,GAPS,,,,,,,
14q,69367403,124027734,scaffold2,0,54660331,-,,,,
15p,0,2566283,scaffold210,0,2566283,+,,,,
15p,2566283,2566383,GAPS,0,0,,,,,
15p,2566383,5778491,scaffold182,0,3212108,-,,,,
15p,5778491,5778591,GAPS,0,0,,,,,
15p,5778591,7382581,scaffold246,53,1604149,-,,,,
15p,7382581,8670176,scaffold260,0,1287595,+,,,,
15p,8670176,8670276,GAPS,0,0,,,,,
15p,8670276,10708749,scaffold228,0,2038473,-,,,,
15p,10708749,10708849,GAPS,0,0,,,,,
15p,10708849,13362378,scaffold205,0,2653529,+,,,,
15p,13362378,13362478,GAPS,0,0,,,,,
15p,13362478,15940229,scaffold209,0,2577751,-,,,,
15p,15940229,15940329,GAPS,0,0,,,,,
15p,15940329,36014220,scaffold20,0,20073891,-,,,,
15p,36014220,36014320,GAPS,0,0,,,,,
15p,36014320,36129777,scaffold379,0,115457,+,,,,
15p,36129777,36129877,GAPS,0,0,,,,,
15p,36129877,36906275,scaffold284,0,776398,+,,,,
15p,36906275,36906375,GAPS,0,0,,,,,
15p,36906375,37023853,scaffold377,0,117478,-,,,,
15p,37023853,37023953,GAPS,0,0,,,,,
15p,37023953,37088053,scaffold451,0,64100,+,,,,
15p,37088053,37088153,GAPS,0,0,,,,,
15p,37088153,39372124,scaffold223,0,2283971,+,,,,
15p,39372124,39372224,GAPS,0,0,,,,,
15p,39372224,39956608,scaffold302,0,584384,+,,,,
15q,41934348,42412425,scaffold29,0,478077,-,,,,
15q,42412425,42434862,INTERGAP,,,,,,,
15q,42434862,58935277,scaffold29,478077,16978492,+,,,,
15q,58935277,58935377,GAPS,,,,,,,
15q,58935377,59311520,scaffold75,9620608,9996751,-,,,,
15q,59311520,59311620,GAPS,,,,,,,
15q,59311620,82413918,scaffold1,0,23102298,+,,,,
15q,0,4774129,scaffold1,23102298,27876427,+,,,,
15q,4774129,4774229,GAPS,,,,,,,
15q,4774229,6883281,scaffold1,27876427,29985479,-,,,,
15q,6883281,6883381,GAPS,,,,,,,
15q,6883381,32580915,scaffold1,29985479,55683013,+,,,,
15q,32580915,32581015,GAPS,,,,,,,
15q,32581015,41934348,scaffold83,0,9353333,-,,,,
16p,0,16256184,scaffold40,0,16256184,+,,,,
16p,16256184,16256284,GAPS,,,,,,,
16p,16256284,31257437,scaffold42,0,15001153,+,,,,
16q,0,16416380,scaffold39,0,16416380,-,,,,
16q,16416380,16565481,INTERGAP,,,,,,,
16q,16565481,16647406,scaffold28,18684446,18766371,+,,,,
16q,16647406,16720489,INTERGAP,,,,,,,
16q,16720489,16910465,scaffold350,0,189976,+,,,,
16q,16910465,17090956,INTERGAP,,,,,,,
16q,17090956,21163413,scaffold166,0,4072457,-,,,,
16q,21163413,21163513,GAPS,,,,,,,
16q,21163513,26704308,scaffold135,0,5540795,+,,,,
16q,26704308,26704408,GAPS,,,,,,,
16q,26704408,27386001,scaffold195,0,681593,+,,,,
16q,27386001,27386101,GAPS,,,,,,,
16q,27386101,36526830,scaffold85,0,9140729,-,,,,
16q,36526830,36526930,GAPS,,,,,,,
16q,36526930,65716569,scaffold11,0,29189639,+,,,,
16q,65716569,65716669,GAPS,,,,,,,
16q,65716669,70721677,scaffold142,0,5005008,+,,,,
1p,0,829144,scaffold281,0,829144,+,,,,
1p,829144,829244,GAPS,,,,,,,
1p,829244,920193,scaffold405,0,90949,+,,,,
1p,920193,920293,GAPS,,,,,,,
1p,920293,10321211,scaffold81,0,9400918,-,,,,
1p,10321211,10342209,INTERGAP,,,,,,,
1p,10342209,18390810,scaffold102,0,8048601,-,,,,
1p,18390810,18582164,INTERGAP,,,,,,,
1p,18582164,18676369,scaffold401,0,94205,-,,,,
1p,18676369,18703538,INTERGAP,,,,,,,
1p,18703538,21336182,scaffold207,0,2632644,-,,,,
1p,21336182,21336282,GAPS,,,,,,,
1p,21336282,22064110,scaffold287,0,727828,+,,,,
1p,22064110,22118152,INTERGAP,,,,,,,
1p,22118152,24949836,scaffold197,0,2831684,+,,,,
1p,24949836,24949936,GAPS,,,,,,,
1p,24949936,27857418,scaffold193,0,2907482,+,,,,
1p,27857418,27857518,GAPS,,,,,,,
1p,27857518,44292943,scaffold38,0,16435425,-,,,,
1p,44292943,44293846,INTERGAP,,,,,,,
1p,44293846,45640430,scaffold256,0,1346584,+,,,,
1p,45640430,45640530,GAPS,,,,,,,
1p,45640530,46789028,scaffold265,0,1148498,+,,,,
1p,46789028,46789128,GAPS,,,,,,,
1p,46789128,47869782,scaffold270,0,1080654,-,,,,
1p,47869782,47869882,GAPS,,,,,,,
1p,47869882,50763055,scaffold194,0,2893173,-,,,,
1p,50763055,52966068,scaffold195,681593,2884606,+,,,,
1p,52966068,52966168,GAPS,,,,,,,
1p,52966168,53041875,scaffold22,17588672,17664379,+,,,,
1p,53041875,53041975,GAPS,,,,,,,
1p,53041975,53170184,scaffold371,0,128209,-,,,,
1p,53170184,53170284,GAPS,,,,,,,
1p,53170284,53310046,scaffold366,0,139762,-,,,,
1p,53310046,53312872,INTERGAP,,,,,,,
1p,53312872,53417214,scaffold388,0,104342,+,,,,
1p,53417214,53535115,INTERGAP,,,,,,,
1p,53535115,61772527,scaffold98,0,8237412,-,,,,
1p,61772527,61772627,GAPS,,,,,,,
1p,61772627,67055386,scaffold41,9989457,15272216,+,,,,
1p,67055386,67055486,GAPS,,,,,,,
1p,67055486,67324112,scaffold329,0,268626,-,,,,
1p,67324112,67324212,GAPS,,,,,,,
1p,67324212,73944510,scaffold120,0,6620298,+,,,,
1p,73944510,73944610,GAPS,,,,,,,
1p,73944610,78508236,scaffold158,0,4563626,+,,,,
1p,78508236,78508336,GAPS,,,,,,,
1p,78508336,97799691,scaffold27,0,19291355,-,,,,
1q,0,33914072,scaffold7,0,33914072,+,,,,
1q,33914072,33914172,GAPS,,,,,,,
1q,33914172,48796282,scaffold8,0,14882110,+,,,,
1q,48796282,48796382,GAPS,,,,,,,
1q,48796382,48857141,scaffold8,14882110,14942869,-,,,,
1q,48857141,48857241,GAPS,,,,,,,
1q,48857241,67020006,scaffold8,14942869,33105634,+,,,,
1q,67020006,67020106,GAPS,,,,,,,
1q,67020106,77658306,scaffold65,0,10638200,+,,,,
1q,77658306,77658406,GAPS,,,,,,,
1q,77658406,80729602,scaffold188,0,3071196,+,,,,
1q,80729602,80729702,GAPS,,,,,,,
1q,80729702,92151690,scaffold44,0,11421988,+,,,,
1q,92151690,92151790,GAPS,,,,,,,
1q,92151790,104623875,scaffold55,0,12472085,+,,,,
2pt,0,17868237,scaffold32,0,17868237,-,,,,
2pt,17868237,18036694,scaffold354,0,168457,-,,,,
2pt,18036694,18192411,INTERGAP,,,,,,,
2pt,18192411,19967183,scaffold238,0,1774772,-,,,,
2pt,19967183,19967283,GAPS,,,,,,,
2pt,19967283,21625043,scaffold242,0,1657760,-,,,,
2pt,21625043,21625143,GAPS,,,,,,,
2pt,21625143,41141060,scaffold21,0,19515917,+,,,,
2pt,41141060,41141160,GAPS,,,,,,,
2pt,41141160,47641752,scaffold122,74819,6575411,+,,,,
2pt,47641752,47641852,GAPS,,,,,,,
2pt,47641852,48928009,scaffold261,0,1286157,+,,,,
2pt,48928009,48928109,GAPS,,,,,,,
2pt,48928109,51646900,scaffold167,1353370,4072161,+,,,,
2pt,51646900,51647000,GAPS,,,,,,,
2pt,51647000,61482118,scaffold78,0,9835118,-,,,,
2pp,0,173636,scaffold352,0,173636,-,,,,
2pp,173636,194501,INTERGAP,0,0,,,,,
2pp,194501,2852246,scaffold204,0,2657745,+,,,,
2pp,2852246,2852346,GAPS,0,0,,,,,
2pp,2852346,16151197,scaffold47,0,13298851,+,,,,
2pp,16151197,16151297,GAPS,0,0,,,,,
2pp,16151297,16243409,scaffold403,0,92112,-,,,,
2pp,16243409,16243509,GAPS,0,0,,,,,
2pp,16243509,22679506,scaffold125,0,6435997,-,,,,
2pp,22679506,22679606,GAPS,0,0,,,,,
2pp,22679606,22906698,scaffold342,0,227092,+,,,,
2pp,22906698,22906798,GAPS,0,0,,,,,
2pp,22906798,25252064,scaffold217,0,2345266,+,,,,
2q,0,227430,scaffold35,0,227430,+,,,,
2q,227430,227530,GAPS,,,,,,,
2q,227530,340818,scaffold35,227430,340718,-,,,,
2q,340818,340918,GAPS,,,,,,,
2q,340918,4404285,scaffold35,340718,4404085,+,,,,
2q,4404285,5892050,INTERGAP,,,,,,,
2q,5892050,10203120,scaffold35,4404085,8715155,-,,,,
2q,10203120,10203220,GAPS,,,,,,,
2q,10203220,17962788,scaffold101,0,7759568,+,,,,
2q,17962788,18027631,INTERGAP,,,,,,,
2q,18027631,57396553,scaffold5,0,39368922,+,,,,
2q,57396553,57414211,INTERGAP,,,,,,,
2q,57414211,57543184,scaffold239,1640399,1769372,-,,,,
2q,57543184,57547702,INTERGAP,,,,,,,
2q,57547702,57771087,scaffold345,0,223385,+,,,,
2q,57771087,57917887,INTERGAP,,,,,,,
2q,57917887,66803240,scaffold88,0,8885353,-,,,,
2q,66803240,66803340,GAPS,,,,,,,
2q,66803340,74621049,scaffold104,0,7817709,-,,,,
2q,74621049,74621149,GAPS,,,,,,,
2q,74621149,77255737,scaffold93,0,2634588,-,,,,
2q,77255737,77255837,GAPS,,,,,,,
2q,77255837,86129458,scaffold89,0,8873621,-,,,,
3pt,0,24419617,scaffold16,0,24419617,-,,,,
3pt,24419617,24419717,GAPS,,,,,,,
3pt,24419717,29247460,scaffold152,0,4827743,+,,,,
3pt,29247460,29247560,GAPS,,,,,,,
3pt,29247560,30574119,scaffold100,6859900,8186459,+,,,,
3pt,30574119,30574219,GAPS,,,,,,,
3pt,30574219,31313736,scaffold286,0,739517,+,,,,
3pp,0,2023310,scaffold230,0,2023310,+,,,,
3pp,2023310,2023410,GAPS,,,,,,,
3pp,2023410,12582479,scaffold67,0,10559069,-,,,,
3pp,12582479,12582579,GAPS,,,,,,,
3pp,12582579,12808487,scaffold344,0,225908,+,,,,
3pp,12808487,12808587,GAPS,,,,,,,
3pp,12808587,19299015,scaffold124,0,6490428,-,,,,
3pp,19299015,19299115,GAPS,,,,,,,
3pp,19299115,30244399,scaffold64,0,10945284,-,,,,
3pp,30244399,30308140,INTERGAP,,,,,,,
3pp,30308140,34448301,scaffold163,0,4140161,+,,,,
3pp,34448301,34448401,GAPS,,,,,,,
3pp,34448401,39812621,scaffold139,0,5364220,+,,,,
3pp,39812621,39812721,GAPS,,,,,,,
3pp,39812721,39862412,scaffold493,0,49691,+,,,,
3pp,39862412,39862512,GAPS,,,,,,,
3pp,39862512,39914839,scaffold483,0,52327,+,,,,
3pp,39914839,39914939,GAPS,,,,,,,
3pp,39914939,42563349,scaffold206,0,2648410,+,,,,
3q,0,5519189,scaffold136,0,5519189,-,,,,
3q,5519189,5519289,GAPS,,,,,,,
3q,5519289,9605819,scaffold165,0,4086530,-,,,,
3q,9605819,9605919,GAPS,,,,,,,
3q,9605919,11922656,scaffold219,0,2316737,+,,,,
3q,11922656,11922756,GAPS,,,,,,,
3q,11922756,20991679,scaffold86,0,9068923,-,,,,
3q,20991679,20991779,GAPS,,,,,,,
3q,20991779,24154944,scaffold185,0,3163165,+,,,,
3q,24154944,24155044,GAPS,,,,,,,
3q,24155044,24710766,scaffold45,13243903,13799625,-,,,,
3q,24710766,24726014,INTERGAP,,,,,,,
3q,24726014,24807206,scaffold45,13162711,13243903,+,,,,
3q,24807206,24807306,GAPS,,,,,,,
3q,24807306,37970017,scaffold45,0,13162711,-,,,,
3q,37970017,40705803,scaffold201,0,2735786,+,,,,
3q,40705803,40720165,INTERGAP,,,,,,,
3q,40720165,41117154,scaffold5,39368922,39765911,+,,,,
3q,41117154,41117254,GAPS,,,,,,,
3q,41117254,58705926,scaffold22,0,17588672,-,,,,
3q,58705926,58706026,GAPS,,,,,,,
3q,58706026,71491534,scaffold51,0,12785508,-,,,,
3q,71491534,71491634,GAPS,,,,,,,
3q,71491634,76427003,scaffold146,0,4935369,+,,,,
3q,76427003,76427103,GAPS,,,,,,,
3q,76427103,78353061,scaffold232,0,1925958,-,,,,
4pt,0,1037700,scaffold272,0,1037700,-,,,,
4pt,1037700,1037800,GAPS,,,,,,,
4pt,1037800,5705192,scaffold154,0,4667392,+,,,,
4pt,5705192,5705292,GAPS,,,,,,,
4pt,5705292,13575631,scaffold103,0,7870339,+,,,,
4pt,13575631,13575731,GAPS,,,,,,,
4pt,13575731,19720599,scaffold130,0,6144868,-,,,,
4pt,19720599,19720699,GAPS,,,,,,,
4pt,19720699,20248833,scaffold174,3225689,3753823,-,,,,
4pp,0,111954,scaffold382,0,111954,-,,,,
4pp,111954,8335914,scaffold99,0,8223960,-,,,,
4pp,8335914,8336014,GAPS,0,0,,,,,
4pp,8336014,13833591,scaffold138,0,5497577,-,,,,
4pp,13833591,13833691,GAPS,0,0,,,,,
4pp,13833691,16927636,scaffold187,0,3093945,-,,,,
4pp,16927636,16927736,GAPS,0,0,,,,,
4pp,16927736,23990857,scaffold115,0,7063121,-,,,,
4pp,23990857,23990957,GAPS,0,0,,,,,
4pp,23990957,24220765,scaffold340,0,229808,-,,,,
4pp,24220765,24220865,GAPS,0,0,,,,,
4pp,24220865,24312474,scaffold404,0,91609,-,,,,
4pp,24312474,24312574,GAPS,0,0,,,,,
4pp,24312574,24366483,scaffold477,0,53909,+,,,,
4pp,24366483,24366583,GAPS,0,0,,,,,
4pp,24366583,37493606,scaffold28,0,13127023,+,,,,
4pp,37493606,37493706,GAPS,0,0,,,,,
4pp,37493706,39060011,scaffold12,25921921,27488226,+,,,,
4q,0,238361,scaffold339,0,238361,-,,,,
4q,238361,238461,GAPS,,,,,,,
4q,238461,2081438,scaffold73,8284086,10127063,-,,,,
4q,2081438,2081538,GAPS,,,,,,,
4q,2081538,2293306,scaffold73,8072318,8284086,+,,,,
4q,2293306,2293406,GAPS,,,,,,,
4q,2293406,10365724,scaffold73,0,8072318,-,,,,
4q,10365724,10365824,GAPS,,,,,,,
4q,10365824,17225724,scaffold100,0,6859900,+,,,,
4q,17225724,17225824,GAPS,,,,,,,
4q,17225824,19099936,scaffold234,0,1874112,+,,,,
4q,19099936,19100036,GAPS,,,,,,,
4q,19100036,61459500,scaffold3,0,42359464,+,,,,
4q,61459500,61459600,GAPS,,,,,,,
4q,61459600,67260918,scaffold132,0,5801318,-,,,,
4q,67260918,67261018,GAPS,,,,,,,
4q,67261018,73537144,scaffold128,0,6276126,+,,,,
4q,73537144,73537244,GAPS,,,,,,,
4q,73537244,76463621,scaffold192,0,2926377,+,,,,
4q,76463621,76463721,GAPS,,,,,,,
4q,76463721,89070884,scaffold54,0,12607163,-,,,,
5pt,0,6905533,scaffold116,0,6905533,+,,,,
5pt,6905533,6905633,GAPS,,,,,,,
5pt,6905633,6969880,scaffold450,0,64247,-,,,,
5pt,6969880,6969980,GAPS,,,,,,,
5pt,6969980,12039506,scaffold141,0,5069526,-,,,,
5pt,12039506,12039606,GAPS,,,,,,,
5pt,12039606,19147550,scaffold114,0,7107944,+,,,,
5pt,19147550,19147650,GAPS,,,,,,,
5pt,19147650,19229494,scaffold421,0,81844,-,,,,
5pt,19229494,19229594,GAPS,,,,,,,
5pt,19229594,21784898,scaffold211,0,2555304,+,,,,
5pt,21784898,21784998,GAPS,,,,,,,
5pt,21784998,22344693,scaffold305,0,559695,+,,,,
5pt,22344693,22344793,GAPS,,,,,,,
5pt,22344793,22395431,scaffold488,0,50638,+,,,,
5pt,22395431,22395531,GAPS,,,,,,,
5pt,22395531,22613422,scaffold346,0,217891,+,,,,
5pt,22613422,22613522,GAPS,,,,,,,
5pt,22613522,22712329,scaffold394,0,98807,+,,,,
5pt,22712329,22712429,GAPS,,,,,,,
5pt,22712429,22810412,scaffold396,0,97983,-,,,,
5pt,22810412,22810512,GAPS,,,,,,,
5pt,22810512,23202413,scaffold315,0,391901,+,,,,
5pt,23202413,23202513,GAPS,,,,,,,
5pt,23202513,23303562,scaffold393,0,101049,-,,,,
5pt,23303562,23303662,GAPS,,,,,,,
5pt,23303662,23357642,scaffold476,0,53980,-,,,,
5pt,23357642,23357742,GAPS,,,,,,,
5pt,23357742,23447539,scaffold409,0,89797,+,,,,
5pt,23447539,23447639,GAPS,,,,,,,
5pt,23447639,23497451,scaffold492,0,49812,-,,,,
5pt,23497451,23497551,GAPS,,,,,,,
5pt,23497551,33807557,scaffold69,0,10310006,+,,,,
5pp,0,520785,scaffold308,0,520785,+,,,,
5pp,520785,520885,GAPS,,,+,,,,
5pp,520885,799380,scaffold148,4640330,4918825,+,,,,
5pp,799380,25694281,scaffold26,0,24894901,+,,,,
5qp,0,1544770,scaffold250,0,1544770,-,,,,
5qp,1544770,1544870,GAPS,,,,,,,
5qp,1544870,14475366,scaffold50,0,12930496,-,,,,
5qp,14475366,14475466,GAPS,,,,,,,
5qp,14475466,15052125,scaffold303,0,576659,-,,,,
5qp,15052125,15052225,GAPS,,,,,,,
5qp,15052225,15120957,scaffold439,0,68732,+,,,,
5qp,15120957,15121057,GAPS,,,,,,,
5qp,15121057,15267402,scaffold361,0,146345,-,,,,
5qp,15267402,15424005,INTERGAP,,,,,,,
5qp,15424005,15514873,scaffold406,0,90868,-,,,,
5qp,15514873,15578603,INTERGAP,,,,,,,
5qp,15578603,16223614,scaffold294,0,645011,-,,,,
5qp,16223614,16223714,GAPS,,,,,,,
5qp,16223714,24516420,scaffold95,0,8292706,-,,,,
5qp,24516420,24516520,GAPS,,,,,,,
5qp,24516520,30813989,scaffold9,21448781,27746250,-,,,,
5qp,30813989,52262770,scaffold9,0,21448781,-,,,,
5qp,52262770,52262870,GAPS,,,,,,,
5qp,52262870,54556316,scaffold220,0,2293446,+,,,,
5qp,54556316,55184466,scaffold298,0,628150,-,,,,
5qt,0,2288996,scaffold222,0,2288996,+,,,,
5qt,2288996,2289096,GAPS,,,,,,,
5qt,2289096,2520846,scaffold255,1153762,1385512,-,,,,
5qt,2520846,2520946,GAPS,,,,,,,
5qt,2520946,11182694,scaffold57,0,8661748,-,,,,
5qt,11182694,11182794,GAPS,,,,,,,
5qt,11182794,14156935,scaffold191,0,2974141,-,,,,
5qt,14156935,14157035,GAPS,,,,,,,
5qt,14157035,25717342,scaffold61,0,11560307,+,,,,
6p,0,1640762,scaffold243,0,1640762,-,,,,
6p,1640762,1640862,GAPS,,,,,,,
6p,1640862,7198274,scaffold134,0,5557412,+,,,,
6p,7198274,7198374,GAPS,,,,,,,
6p,7198374,7292198,scaffold402,0,93824,-,,,,
6p,7292198,7292298,GAPS,,,,,,,
6p,7292298,7354502,scaffold454,0,62204,+,,,,
6p,7354502,7354602,GAPS,,,,,,,
6p,7354602,17057917,scaffold79,0,9703315,+,,,,
6p,17057917,17058017,GAPS,,,,,,,
6p,17058017,23401839,scaffold127,0,6343822,+,,,,
6p,23401839,23401939,GAPS,,,,,,,
6p,23401939,25025454,scaffold245,0,1623515,-,,,,
6p,25025454,25025554,GAPS,,,,,,,
6p,25025554,25326998,scaffold323,0,301444,-,,,,
6p,25326998,25327098,GAPS,,,,,,,
6p,25327098,25378551,scaffold487,0,51453,-,,,,
6p,25378551,25378651,GAPS,,,,,,,
6p,25378651,25507909,scaffold370,0,129258,+,,,,
6p,25507909,25508009,GAPS,,,,,,,
6p,25508009,30788894,scaffold140,0,5280885,+,,,,
6p,30788894,30788994,GAPS,,,,,,,
6p,30788994,34745521,scaffold171,0,3956527,+,,,,
6p,34745521,34745621,GAPS,,,,,,,
6p,34745621,36813628,scaffold227,0,2068007,+,,,,
6p,36813628,36813728,GAPS,,,,,,,
6p,36813728,38417448,scaffold247,0,1603720,-,,,,
6p,38417448,38417548,GAPS,,,,,,,
6p,38417548,51598395,scaffold48,0,13180847,+,,,,
6p,51598395,51598495,GAPS,,,,,,,
6p,51598495,61649851,scaffold74,0,10051356,-,,,,
6q,0,2532546,scaffold212,0,2532546,-,,,,
6q,2532546,2532646,GAPS,,,,,,,
6q,2532646,13160437,scaffold66,0,10627791,+,,,,
6q,13160437,13160537,GAPS,,,,,,,
6q,13160537,17507513,scaffold161,0,4346976,+,,,,
6q,17507513,17507613,GAPS,,,,,,,
6q,17507613,21054253,scaffold178,0,3546640,+,,,,
6q,21054253,21054353,GAPS,,,,,,,
6q,21054353,38678086,scaffold34,0,17623733,-,,,,
6q,38678086,38678186,GAPS,,,,,,,
6q,38678186,48935358,scaffold72,0,10257172,+,,,,
6q,48935358,48935458,GAPS,,,,,,,
6q,48935458,51091865,scaffold22,17664379,19820786,+,,,,
6q,51091865,51091965,GAPS,,,,,,,
6q,51091965,55840258,scaffold153,0,4748293,+,,,,
6q,55840258,55840358,GAPS,,,,,,,
6q,55840358,56100012,scaffold335,0,259654,+,,,,
6q,56100012,56100112,GAPS,,,,,,,
6q,56100112,56813102,scaffold288,0,712990,+,,,,
6q,56813102,56813202,GAPS,,,,,,,
6q,56813202,61294003,scaffold93,3975536,8456337,+,,,,
6q,61294003,61294103,GAPS,,,,,,,
6q,61294103,65056571,scaffold173,0,3762468,+,,,,
6q,65056571,65056671,GAPS,,,,,,,
6q,65056671,73454574,scaffold94,0,8397903,+,,,,
6q,73454574,73663188,scaffold349,0,208614,-,,,,
6q,73663188,73778079,INTERGAP,,,,,,,
6q,73778079,73991781,scaffold348,0,213702,+,,,,
7p,0,1218727,scaffold263,0,1218727,+,,,,
7p,1218727,1258570,INTERGAP,,,,,,,
7p,1258570,1427685,scaffold353,0,169115,-,,,,
7p,1427685,1680839,INTERGAP,,,,,,,
7p,1680839,6540893,scaffold151,0,4860054,-,,,,
7p,6540893,6540993,GAPS,,,,,,,
7p,6540993,10595558,scaffold168,0,4054565,+,,,,
7p,10595558,10596239,INTERGAP,,,,,,,
7p,10596239,11159114,scaffold276,409889,972764,+,,,,
7p,11159114,11276330,INTERGAP,,,,,,,
7p,11276330,14099523,scaffold198,0,2823193,-,,,,
7p,14099523,14101151,INTERGAP,,,,,,,
7p,14101151,14137721,scaffold416,0,36570,-,,,,
7p,14137721,14137821,GAPS,,,,,,,
7p,14137821,14185756,scaffold416,36570,84505,+,,,,
7p,14185756,14185856,GAPS,,,,,,,
7p,14185856,14556198,scaffold318,0,370342,+,,,,
7p,14556198,14563800,INTERGAP,,,,,,,
7p,14563800,14973689,scaffold276,0,409889,+,,,,
7p,14973689,15161437,INTERGAP,,,,,,,
7p,15161437,39669705,scaffold15,10,24508278,-,,,,
7p,39669705,42471825,scaffold199,0,2802120,-,,,,
7p,42471825,42471925,GAPS,,,,,,,
7p,42471925,43570617,scaffold268,0,1098692,-,,,,
7p,43570617,43570717,GAPS,,,,,,,
7p,43570717,48438786,scaffold150,0,4868069,+,,,,
7p,48438786,48438886,GAPS,,,,,,,
7p,48438886,55181654,scaffold118,0,6742768,+,,,,
7p,55181654,55399203,INTERGAP,,,,,,,
7p,55399203,60357670,scaffold144,0,4958467,+,,,,
7q,0,209659,scaffold84,0,209659,+,,,,
7q,209659,520453,INTERGAP,,,,,,,
7q,520453,1175045,scaffold293,0,654592,+,,,,
7q,1175045,1175145,GAPS,,,,,,,
7q,1175145,2728164,scaffold249,0,1553019,+,,,,
7q,2728164,11800886,scaffold84,209659,9282381,-,,,,
7q,11800886,11800986,GAPS,,,,,,,
7q,11800986,16375472,scaffold157,0,4574486,-,,,,
7q,16375472,16375572,GAPS,,,,,,,
7q,16375572,29348321,scaffold49,0,12972749,+,,,,
7q,29348321,29348421,GAPS,,,,,,,
7q,29348421,43250253,scaffold13,1906292,15808124,-,,,,
7q,43250253,43250353,GAPS,,,,,,,
7q,43250353,47470763,scaffold162,0,4220410,+,,,,
7q,47470763,47470863,GAPS,,,,,,,
7q,47470863,49986686,scaffold214,0,2515823,+,,,,
7q,49986686,49986786,GAPS,,,,,,,
7q,49986786,51003319,scaffold273,0,1016533,+,,,,
7q,51003319,51003419,GAPS,,,,,,,
7q,51003419,59575026,scaffold90,0,8571607,-,,,,
7q,59575026,59575126,GAPS,,,,,,,
7q,59575126,61384294,scaffold236,0,1809168,-,,,,
7q,61384294,61384394,GAPS,,,,,,,
7q,61384394,61463408,scaffold425,0,79014,+,,,,
7q,61463408,61463508,GAPS,,,,,,,
7q,61463508,61521982,scaffold462,0,58474,+,,,,
7q,61521982,61522082,GAPS,,,,,,,
7q,61522082,61601104,scaffold424,0,79022,+,,,,
8p,0,1153762,scaffold255,0,1153762,+,,,,
8p,1153762,1153862,GAPS,,,,,,,
8p,1153862,18817084,scaffold33,0,17663222,-,,,,
8p,18817084,18817184,GAPS,,,,,,,
8p,18817184,46273273,scaffold19,0,27456089,+,,,,
8q,0,3306520,scaffold181,0,3306520,-,,,,
8q,3306520,3306620,GAPS,,,,,,,
8q,3306620,6956759,scaffold177,0,3650139,-,,,,
8q,6956759,7126044,INTERGAP,,,,,,,
8q,7126044,7766587,scaffold295,0,640543,-,,,,
8q,7766587,7767239,INTERGAP,,,,,,,
8q,7767239,7919503,scaffold357,0,152264,-,,,,
8q,7919503,8035177,INTERGAP,,,,,,,
8q,8035177,31600718,scaffold17,0,23565541,-,,,,
8q,31600718,31600818,GAPS,,,,,,,
8q,31600818,32236628,scaffold297,0,635810,+,,,,
8q,32236628,32236728,GAPS,,,,,,,
8q,32236728,36599639,scaffold160,0,4362911,+,,,,
8q,36599639,36599739,GAPS,,,,,,,
8q,36599739,43180936,scaffold121,0,6581197,-,,,,
8q,43180936,43181036,GAPS,,,,,,,
8q,43181036,43267973,scaffold411,0,86937,+,,,,
8q,43267973,43268073,GAPS,,,,,,,
8q,43268073,46249637,scaffold190,0,2981564,-,,,,
8q,46249637,46249737,GAPS,,,,,,,
8q,46249737,53814704,scaffold108,0,7564967,-,,,,
8q,53814704,53814804,GAPS,,,,,,,
8q,53814804,55489849,scaffold241,0,1675045,+,,,,
8q,55489849,55489949,GAPS,,,,,,,
8q,55489949,65338090,scaffold77,0,9848141,+,,,,
9p,0,1413105,scaffold254,0,1413105,+,,,,
9p,1413105,1413205,GAPS,,,,,,,
9p,1413205,4290265,scaffold196,0,2877060,+,,,,
9p,4290265,4290365,GAPS,,,,,,,
9p,4290365,16089982,scaffold58,0,11799617,+,,,,
9p,16089982,16090082,GAPS,,,,,,,
9p,16090082,26421276,scaffold68,0,10331194,-,,,,
9p,26421276,26421376,GAPS,,,,,,,
9p,26421376,31933678,scaffold137,0,5512302,+,,,,
9p,31933678,32082437,INTERGAP,,,,,,,
9p,32082437,32308433,scaffold343,0,225996,-,,,,
9p,32308433,32312871,INTERGAP,,,,,,,
9p,32312871,52014802,scaffold23,0,19701931,+,,,,
9q,0,166406,scaffold9,32070627,32237033,+,,,,
9q,166406,201258,scaffold9,32035775,32070627,-,,,,
9q,201258,4490783,scaffold9,27746250,32035775,-,,,,
9q,4490783,4490883,GAPS,,,,,,,
9q,4490883,10590068,scaffold131,0,6099185,+,,,,
9q,10590068,10590168,GAPS,,,,,,,
9q,10590168,47974583,scaffold6,0,37384415,+,,,,
9q,47974583,47974683,GAPS,,,,,,,
9q,47974683,51184701,scaffold183,0,3210018,-,,,,
9q,51184701,51184801,GAPS,,,,,,,
9q,51184801,53703610,scaffold213,0,2518809,-,,,,
9q,53703610,53703710,GAPS,,,,,,,
9q,53703710,53846975,scaffold362,0,143265,-,,,,
9q,53846975,53847075,GAPS,,,,,,,
9q,53847075,54692821,scaffold280,0,845746,+,,,,
9q,54692821,54692921,GAPS,,,,,,,
9q,54692921,58809827,scaffold164,0,4116906,-,,,,
X,0,2763517,scaffold200,0,2763517,-,,,,
X,2763517,2763617,GAPS,,,,,,,
X,2763617,10171280,scaffold111,0,7407663,+,,,,
X,10171280,10171380,GAPS,,,,,,,
X,10171380,12071529,scaffold233,0,1900149,+,,,,
X,12071529,12071629,GAPS,,,,,,,
X,12071629,29282590,scaffold25,2466591,19677552,-,,,,
X,29282590,29282690,GAPS,,,,,,,
X,29282690,29429657,scaffold25,2319624,2466591,+,,,,
X,29429657,29429757,GAPS,,,,,,,
X,29429757,31749381,scaffold25,0,2319624,-,,,,
X,31749381,31749481,GAPS,,,,,,,
X,31749481,40297917,scaffold91,0,8548436,+,,,,
X,40297917,40298017,GAPS,,,,,,,
X,40298017,40333304,scaffold172,0,35287,-,,,,
X,40333304,40333404,GAPS,,,,,,,
X,40333404,44121108,scaffold172,35287,3822991,+,,,,
X,44121108,44121208,GAPS,,,,,,,
X,44121208,44531043,scaffold314,0,409835,+,,,,
X,44531043,44531143,GAPS,,,,,,,
X,44531143,44735081,scaffold331,62653,266591,-,,,,
X,44735081,44735181,GAPS,,,,,,,
X,44735181,44797834,scaffold331,0,62653,+,,,,
X,44797834,44797934,GAPS,,,,,,,
X,44797934,44930283,scaffold369,0,132349,+,,,,
X,44930283,45115199,scaffold351,0,184916,+,,,,
X,45115199,45115299,GAPS,,,,,,,
X,45115299,45802293,scaffold291,0,686994,-,,,,
X,45802293,45802393,GAPS,,,,,,,
X,45802393,45948116,scaffold341,0,145723,+,,,,
X,45948116,45948216,GAPS,,,,,,,
X,45948216,46031372,scaffold341,145723,228879,-,,,,
X,46031372,46031472,GAPS,,,,,,,
X,46031472,46076141,scaffold129,0,44669,+,,,,
X,46076141,46076241,GAPS,,,,,,,
X,46076241,46687913,scaffold301,0,611672,-,,,,
X,46687913,46688013,GAPS,,,,,,,
X,46688013,46843137,scaffold321,0,155124,+,,,,
X,46843137,47030703,INTERGAP,,,,,,,
X,47030703,47101651,scaffold321,155124,226072,-,,,,
X,47101651,47129067,INTERGAP,27416,,,,,,
X,47129067,47193350,scaffold321,226072,290355,+,,,,
X,47193350,47232730,INTERGAP,39380,,,,,,
X,47232730,47302609,scaffold277,0,69879,-,,,,
X,47302609,47302709,GAPS,,,,,,,
X,47302709,47355701,scaffold321,290355,343347,+,,,,
X,47355701,47355801,GAPS,,,,,,,
X,47355801,48214498,scaffold277,69879,928576,+,,,,
X,48214498,48258066,INTERGAP,,,,,,,
X,48258066,48417259,scaffold338,0,159193,+,,,,
X,48417259,48530184,INTERGAP,,,,,,,
X,48530184,48612959,scaffold338,159193,241968,-,,,,
X,48612959,48711943,INTERGAP,,,,,,,
X,48711943,48830095,scaffold376,0,118152,-,,,,
X,48830095,49072411,INTERGAP,,,,,,,
X,49072411,49332961,scaffold334,0,260550,-,,,,
X,49332961,49333061,GAPS,,,,,,,
X,49333061,49780984,scaffold313,0,447923,-,,,,
X,49780984,49781084,GAPS,,,,,,,
X,49781084,49997342,scaffold347,0,216258,+,,,,
X,49997342,49997442,GAPS,,,,,,,
X,49997442,51105733,scaffold253,0,1108291,+,,,,
X,51105733,51105833,GAPS,,,,,,,
X,51105833,51371123,scaffold253,1108291,1373581,-,,,,
X,51371123,51371223,GAPS,,,,,,,
X,51371223,51431734,scaffold253,1373581,1434092,+,,,,
X,51431734,51431834,GAPS,,,,,,,
X,51431834,53211477,scaffold237,0,1779643,+,,,,
X,53211477,53211577,GAPS,,,,,,,
X,53211577,56878181,scaffold176,0,3666604,-,,,,
X,56878181,56901713,INTERGAP,,,,,,,
X,56901713,57007392,scaffold386,0,105679,+,,,,
X,57007392,57016719,INTERGAP,,,,,,,
X,57016719,57889444,scaffold279,0,872725,-,,,,
X,57889444,59212363,scaffold258,0,1322919,-,,,,
X,59212363,59212463,GAPS,,,,,,,
X,59212463,61898552,scaffold202,0,2686089,-,,,,
X,61898552,61898652,GAPS,,,,,,,
X,61898652,62597827,scaffold289,0,699175,-,,,,
X,62597827,62597927,GAPS,,,,,,,
X,62597927,68195721,scaffold129,44669,5642463,+,,,,
X,68195721,68822706,scaffold129,5642463,6269448,+,,,,
X,68822706,68822806,GAPS,,,,,,,
X,68822806,69132894,scaffold225,1168432,1478520,-,,,,
X,69132894,69132994,GAPS,,,,,,,
X,69132994,70108674,scaffold225,118729,1094409,-,,,,
X,70108674,70108774,GAPS,,,,,,,
X,70108774,70227503,scaffold225,0,118729,+,,,,
X,70227503,70227603,GAPS,,,,,,,
X,70227603,70511532,scaffold325,0,283929,+,,,,
X,70511532,70511632,GAPS,,,,,,,
X,70511632,70585655,scaffold225,1094409,1168432,+,,,,
X,70585655,70585755,GAPS,,,,,,,
X,70585755,71255301,scaffold225,1478520,2148066,-,,,,
X,71255301,71255401,GAPS,,,,,,,
X,71255401,72267771,scaffold274,0,1012370,+,,,,
X,72267771,72267871,GAPS,,,,,,,
X,72267871,72824930,scaffold60,7515472,8072531,+,,,,
X,72824930,72825030,GAPS,,,,,,,
X,72825030,72995533,scaffold60,8072531,8243034,-,,,,
X,72995533,72995633,GAPS,,,,,,,
X,72995633,76312621,scaffold60,8243034,11560022,+,,,,
X,76312621,76321364,INTERGAP,,,,,,,
X,76321364,76371209,scaffold60,11560022,11609867,-,,,,
X,76371209,76520850,scaffold266,971411,1121052,-,,,,
X,76520850,76549937,INTERGAP,,,,,,,
X,76549937,77521348,scaffold266,0,971411,-,,,,
X,77521348,77521448,GAPS,,,,,,,
X,77521448,77998389,scaffold311,0,476941,-,,,,
X,77998389,77998489,GAPS,,,,,,,
X,77998489,85670214,scaffold107,0,7671725,+,,,,
X,85670214,85670314,GAPS,,,,,,,
X,85670314,88671958,scaffold189,0,3001644,-,,,,
X,88671958,88672058,GAPS,,,,,,,
X,88672058,90427064,scaffold240,0,1755006,-,,,,
X,90427064,90427164,GAPS,,,,,,,
X,90427164,92254736,scaffold235,0,1827572,+,,,,
X,92254736,92281480,INTERGAP,,,,,,,
X,92281480,97242367,scaffold143,0,4960887,+,,,,
X,97242367,97242467,GAPS,,,,,,,
X,97242467,102171425,scaffold147,0,4928958,+,,,,
X,102171425,102171525,GAPS,,,,,,,
X,102171525,105633360,scaffold179,0,3461835,-,,,,
X,105633360,105633460,GAPS,,,,,,,
X,105633460,105774075,scaffold324,0,140615,+,,,,
X,105774075,105774175,GAPS,,,,,,,
X,105774175,105850996,scaffold429,0,76821,+,,,,
X,105850996,105851096,GAPS,,,,,,,
X,105851096,106004576,scaffold324,140615,294095,-,,,,
X,106004576,106004676,GAPS,,,,,,,
X,106004676,106265234,scaffold333,0,260558,-,,,,
X,106265234,106394116,INTERGAP,,,,,,,
X,106394116,107713563,scaffold259,0,1319447,-,,,,
X,107713563,107741628,INTERGAP,,,,,,,
X,107741628,117643571,scaffold76,0,9901943,+,,,,
X,117643571,117643671,GAPS,,,,,,,
X,117643671,117913908,scaffold328,0,270237,-,,,,
X,117913908,117957883,INTERGAP,,,,,,,
X,117957883,120431831,scaffold215,0,2473948,+,,,,
X,120431831,120431931,GAPS,,,,,,,
X,120431931,120789946,scaffold320,0,358015,-,,,,
X,120789946,120790046,GAPS,,,,,,,
X,120790046,121989529,scaffold264,0,1199483,-,,,,
X,121989529,121989629,GAPS,,,,,,,
X,121989629,122280261,scaffold312,158222,448854,+,,,,
X,122280261,122435598,INTERGAP,,,,,,,
X,122435598,122593820,scaffold312,0,158222,+,,,,
X,122593820,122603297,INTERGAP,,,,,,,
X,122603297,123121091,scaffold21,19515917,20033711,-,,,,
X,123121091,123121191,GAPS,,,,,,,
X,123121191,123196010,scaffold122,0,74819,-,,,,
X,123196010,123196110,GAPS,,,,,,,
X,123196110,123747670,scaffold306,0,551560,-,,,,
,,,,,,,,,,
,,,,,,,,,,
,,,,,,,,,,
,,,,,,,,,,
,,,,,,,,,,
,,,,,,,,,,
,,,,,,,,,,
,,,,,,,,,,
,,,,,,,,,,
,,,,,,,,,,
,,,,,,,,,,
,,,,,,,,,,
,,,,,,,,,,
,,,,,,,,,,
